item,channel,quantity,sold_at
Flat White,Dine-in,3,2026-08-24 07:18:53
Caesar Salad,Dine-in,1,2026-08-24 07:40:10
Bacon & Egg Roll,Dine-in,1,2026-08-24 07:58:36
Bacon & Egg Roll,Dine-in,1,2026-08-24 08:04:02
Banana Bread,Dine-in,1,2026-08-24 08:08:32
Bacon & Egg Roll,Dine-in,2,2026-08-24 08:10:50
Avocado Toast,Dine-in,2,2026-08-24 08:22:13
Caesar Salad,DoorDash,1,2026-08-24 08:48:21
Chicken Schnitzel Burger,Uber Eats,1,2026-08-24 09:02:46
Bacon & Egg Roll,Dine-in,2,2026-08-24 09:18:27
Flat White,Dine-in,1,2026-08-24 09:59:40
Avocado Toast,Dine-in,1,2026-08-24 10:53:51
Flat White,Dine-in,1,2026-08-24 10:58:41
Flat White,Uber Eats,1,2026-08-24 11:01:35
Flat White,Dine-in,1,2026-08-24 11:16:47
Chicken Schnitzel Burger,DoorDash,1,2026-08-24 11:51:55
Flat White,Dine-in,1,2026-08-24 12:03:14
Chicken Schnitzel Burger,Dine-in,3,2026-08-24 12:07:43
Flat White,Dine-in,2,2026-08-24 12:08:42
Chicken Schnitzel Burger,Dine-in,1,2026-08-24 12:29:33
Flat White,Dine-in,2,2026-08-24 12:57:34
Chicken Schnitzel Burger,Dine-in,1,2026-08-24 13:27:13
Flat White,Dine-in,1,2026-08-24 13:32:38
Bacon & Egg Roll,Dine-in,3,2026-08-24 13:55:06
Flat White,Dine-in,2,2026-08-24 14:05:46
Avocado Toast,Uber Eats,3,2026-08-24 14:58:00
Caesar Salad,Uber Eats,2,2026-08-24 15:48:11
Chicken Schnitzel Burger,Dine-in,1,2026-08-25 07:05:26
Avocado Toast,Uber Eats,1,2026-08-25 07:24:00
Chicken Schnitzel Burger,Dine-in,1,2026-08-25 08:04:45
Bacon & Egg Roll,Dine-in,2,2026-08-25 08:06:42
Avocado Toast,Dine-in,1,2026-08-25 08:14:04
Chicken Schnitzel Burger,DoorDash,2,2026-08-25 08:32:05
Flat White,Dine-in,1,2026-08-25 08:35:09
Chicken Schnitzel Burger,Dine-in,2,2026-08-25 08:40:54
Chicken Schnitzel Burger,Uber Eats,1,2026-08-25 09:15:55
Flat White,Dine-in,2,2026-08-25 09:42:06
Chicken Schnitzel Burger,Dine-in,1,2026-08-25 09:42:45
Flat White,Dine-in,1,2026-08-25 09:55:06
Avocado Toast,Dine-in,2,2026-08-25 11:03:41
Flat White,Dine-in,2,2026-08-25 11:27:44
Banana Bread,Dine-in,1,2026-08-25 11:47:20
Banana Bread,Dine-in,1,2026-08-25 12:09:12
Bacon & Egg Roll,Dine-in,1,2026-08-25 12:25:42
Flat White,Dine-in,1,2026-08-25 12:29:20
Banana Bread,Dine-in,1,2026-08-25 12:36:06
Flat White,Dine-in,2,2026-08-25 12:39:51
Avocado Toast,Dine-in,1,2026-08-25 12:43:41
Flat White,Dine-in,2,2026-08-25 13:04:32
Avocado Toast,Dine-in,2,2026-08-25 13:05:40
Flat White,Dine-in,1,2026-08-25 13:25:07
Chicken Schnitzel Burger,Uber Eats,3,2026-08-25 13:56:15
Avocado Toast,DoorDash,1,2026-08-25 14:36:36
Bacon & Egg Roll,Dine-in,3,2026-08-25 14:54:15
Caesar Salad,Uber Eats,1,2026-08-26 07:30:39
Bacon & Egg Roll,Dine-in,1,2026-08-26 08:08:02
Bacon & Egg Roll,Dine-in,2,2026-08-26 08:42:12
Bacon & Egg Roll,Dine-in,1,2026-08-26 08:44:06
Banana Bread,Dine-in,1,2026-08-26 08:51:51
Flat White,Dine-in,1,2026-08-26 08:58:29
Caesar Salad,Dine-in,2,2026-08-26 09:01:07
Flat White,Dine-in,1,2026-08-26 09:20:42
Caesar Salad,Dine-in,1,2026-08-26 09:26:20
Chicken Schnitzel Burger,Uber Eats,1,2026-08-26 09:52:48
Flat White,Dine-in,1,2026-08-26 10:24:43
Flat White,Dine-in,2,2026-08-26 10:32:07
Flat White,Dine-in,1,2026-08-26 10:53:00
Chicken Schnitzel Burger,Dine-in,1,2026-08-26 12:00:33
Flat White,Dine-in,1,2026-08-26 12:12:45
Flat White,Dine-in,2,2026-08-26 12:20:29
Flat White,Dine-in,1,2026-08-26 12:22:41
Caesar Salad,DoorDash,1,2026-08-26 12:35:45
Chicken Schnitzel Burger,Dine-in,2,2026-08-26 12:42:12
Avocado Toast,Uber Eats,2,2026-08-26 13:26:39
Avocado Toast,Uber Eats,3,2026-08-26 13:26:51
Caesar Salad,Dine-in,1,2026-08-26 13:50:47
Flat White,Dine-in,1,2026-08-26 13:57:09
Banana Bread,Dine-in,2,2026-08-26 13:57:22
Flat White,Dine-in,1,2026-08-26 15:02:06
Banana Bread,DoorDash,1,2026-08-27 07:19:36
Flat White,Dine-in,1,2026-08-27 08:20:21
Chicken Schnitzel Burger,Uber Eats,1,2026-08-27 08:26:24
Flat White,Dine-in,1,2026-08-27 08:39:34
Flat White,Dine-in,1,2026-08-27 09:20:57
Chicken Schnitzel Burger,Uber Eats,3,2026-08-27 09:41:04
Chicken Schnitzel Burger,Uber Eats,1,2026-08-27 09:43:51
Avocado Toast,Dine-in,1,2026-08-27 09:54:07
Flat White,Dine-in,1,2026-08-27 09:54:26
Bacon & Egg Roll,Dine-in,1,2026-08-27 10:11:51
Avocado Toast,Uber Eats,1,2026-08-27 11:13:29
Avocado Toast,Dine-in,2,2026-08-27 11:38:57
Caesar Salad,Uber Eats,2,2026-08-27 11:40:15
Avocado Toast,Dine-in,1,2026-08-27 12:00:57
Banana Bread,Dine-in,1,2026-08-27 12:04:37
Chicken Schnitzel Burger,Uber Eats,1,2026-08-27 12:08:55
Chicken Schnitzel Burger,Dine-in,2,2026-08-27 12:30:28
Banana Bread,Dine-in,1,2026-08-27 12:32:27
Flat White,Dine-in,1,2026-08-27 12:45:13
Bacon & Egg Roll,Dine-in,1,2026-08-27 12:47:45
Flat White,Dine-in,3,2026-08-27 12:53:29
Chicken Schnitzel Burger,Dine-in,1,2026-08-27 12:54:43
Flat White,Dine-in,1,2026-08-27 12:54:57
Flat White,Dine-in,2,2026-08-27 13:16:53
Flat White,Dine-in,3,2026-08-27 13:22:34
Chicken Schnitzel Burger,Dine-in,1,2026-08-27 13:48:36
Caesar Salad,Dine-in,2,2026-08-27 14:12:53
Avocado Toast,Dine-in,2,2026-08-27 14:17:39
Bacon & Egg Roll,Dine-in,1,2026-08-27 15:38:20
Bacon & Egg Roll,Dine-in,1,2026-08-28 07:18:30
Flat White,Dine-in,1,2026-08-28 08:11:19
Avocado Toast,Uber Eats,1,2026-08-28 09:09:04
Flat White,Dine-in,2,2026-08-28 09:29:36
Flat White,Dine-in,1,2026-08-28 09:34:31
Banana Bread,Dine-in,1,2026-08-28 09:35:48
Avocado Toast,Dine-in,2,2026-08-28 09:54:15
Flat White,Dine-in,1,2026-08-28 09:55:29
Flat White,Dine-in,3,2026-08-28 09:55:30
Flat White,Dine-in,1,2026-08-28 10:36:39
Chicken Schnitzel Burger,Uber Eats,1,2026-08-28 10:44:38
Caesar Salad,Uber Eats,2,2026-08-28 11:01:48
Chicken Schnitzel Burger,DoorDash,1,2026-08-28 11:33:22
Banana Bread,Dine-in,1,2026-08-28 11:40:52
Chicken Schnitzel Burger,DoorDash,3,2026-08-28 11:44:08
Avocado Toast,Menulog,2,2026-08-28 11:48:15
Avocado Toast,Uber Eats,1,2026-08-28 11:48:44
Chicken Schnitzel Burger,Uber Eats,1,2026-08-28 12:09:09
Avocado Toast,Menulog,2,2026-08-28 12:16:42
Bacon & Egg Roll,Dine-in,1,2026-08-28 12:17:19
Chicken Schnitzel Burger,DoorDash,2,2026-08-28 12:17:35
Chicken Schnitzel Burger,Dine-in,1,2026-08-28 12:24:28
Flat White,Dine-in,1,2026-08-28 12:30:33
Chicken Schnitzel Burger,Dine-in,2,2026-08-28 12:38:16
Chicken Schnitzel Burger,Uber Eats,2,2026-08-28 12:51:59
Caesar Salad,Dine-in,1,2026-08-28 13:05:18
Flat White,Dine-in,1,2026-08-28 13:11:31
Chicken Schnitzel Burger,DoorDash,2,2026-08-28 14:28:07
Chicken Schnitzel Burger,Uber Eats,2,2026-08-28 15:33:38
Caesar Salad,Dine-in,2,2026-08-29 07:50:03
Flat White,Dine-in,1,2026-08-29 07:53:42
Banana Bread,Dine-in,2,2026-08-29 08:24:36
Bacon & Egg Roll,DoorDash,1,2026-08-29 08:28:22
Flat White,Dine-in,1,2026-08-29 09:07:49
Chicken Schnitzel Burger,Dine-in,1,2026-08-29 09:12:44
Avocado Toast,Menulog,1,2026-08-29 09:16:42
Flat White,Dine-in,1,2026-08-29 09:25:52
Bacon & Egg Roll,Uber Eats,1,2026-08-29 09:30:45
Bacon & Egg Roll,Dine-in,1,2026-08-29 09:37:37
Flat White,Dine-in,1,2026-08-29 09:42:06
Avocado Toast,Dine-in,1,2026-08-29 09:43:54
Avocado Toast,Dine-in,2,2026-08-29 09:51:14
Flat White,Dine-in,2,2026-08-29 10:59:50
Caesar Salad,Dine-in,1,2026-08-29 11:16:21
Avocado Toast,Dine-in,1,2026-08-29 11:22:21
Flat White,Dine-in,1,2026-08-29 11:36:43
Flat White,Dine-in,2,2026-08-29 11:45:18
Avocado Toast,Dine-in,1,2026-08-29 11:46:09
Avocado Toast,Dine-in,3,2026-08-29 11:56:08
Flat White,Dine-in,2,2026-08-29 12:03:58
Flat White,Dine-in,3,2026-08-29 12:15:45
Chicken Schnitzel Burger,Dine-in,1,2026-08-29 12:18:14
Flat White,Dine-in,3,2026-08-29 12:29:54
Avocado Toast,Dine-in,3,2026-08-29 12:34:29
Flat White,Dine-in,1,2026-08-29 12:40:28
Flat White,Dine-in,1,2026-08-29 12:43:48
Flat White,Dine-in,1,2026-08-29 12:55:06
Avocado Toast,Dine-in,1,2026-08-29 12:55:06
Banana Bread,Dine-in,1,2026-08-29 13:31:55
Flat White,Dine-in,1,2026-08-29 13:39:43
Avocado Toast,Dine-in,3,2026-08-29 13:41:09
Flat White,Dine-in,1,2026-08-29 14:28:56
Flat White,Dine-in,2,2026-08-29 15:15:29
Chicken Schnitzel Burger,DoorDash,1,2026-08-29 15:58:07
Caesar Salad,Dine-in,1,2026-08-30 07:02:19
Avocado Toast,Dine-in,3,2026-08-30 07:30:54
Flat White,Dine-in,2,2026-08-30 07:34:07
Flat White,Dine-in,1,2026-08-30 07:56:35
Flat White,Dine-in,2,2026-08-30 08:13:52
Chicken Schnitzel Burger,Dine-in,2,2026-08-30 08:18:20
Flat White,Dine-in,1,2026-08-30 08:28:15
Caesar Salad,Uber Eats,1,2026-08-30 08:59:30
Chicken Schnitzel Burger,Dine-in,1,2026-08-30 09:07:26
Banana Bread,DoorDash,1,2026-08-30 09:08:50
Flat White,Dine-in,1,2026-08-30 09:11:07
Bacon & Egg Roll,Dine-in,2,2026-08-30 11:04:09
Avocado Toast,Dine-in,2,2026-08-30 11:06:28
Chicken Schnitzel Burger,Dine-in,1,2026-08-30 11:13:09
Flat White,Dine-in,1,2026-08-30 11:23:33
Flat White,Dine-in,1,2026-08-30 11:24:29
Avocado Toast,Uber Eats,1,2026-08-30 11:26:46
Banana Bread,Dine-in,1,2026-08-30 11:37:47
Banana Bread,Dine-in,1,2026-08-30 11:38:27
Flat White,Dine-in,1,2026-08-30 11:41:22
Caesar Salad,Dine-in,1,2026-08-30 11:52:40
Chicken Schnitzel Burger,Dine-in,2,2026-08-30 12:19:50
Flat White,Dine-in,1,2026-08-30 12:25:54
Chicken Schnitzel Burger,Dine-in,1,2026-08-30 12:29:58
Flat White,Dine-in,1,2026-08-30 12:33:07
Avocado Toast,DoorDash,1,2026-08-30 12:35:45
Bacon & Egg Roll,DoorDash,1,2026-08-30 12:46:55
Avocado Toast,DoorDash,1,2026-08-30 12:51:08
Flat White,Dine-in,1,2026-08-30 13:00:17
Banana Bread,Uber Eats,3,2026-08-30 13:05:42
Flat White,Dine-in,1,2026-08-30 13:15:37
Flat White,Dine-in,1,2026-08-30 13:23:07
Bacon & Egg Roll,Dine-in,1,2026-08-30 13:39:26
Caesar Salad,Dine-in,2,2026-08-30 13:46:03
Chicken Schnitzel Burger,Dine-in,2,2026-08-30 13:49:52
Banana Bread,Dine-in,1,2026-08-30 13:55:42
Caesar Salad,Dine-in,1,2026-08-30 14:04:57
Flat White,Dine-in,1,2026-08-30 14:30:51
Chicken Schnitzel Burger,Uber Eats,1,2026-08-31 07:32:04
Flat White,Dine-in,1,2026-08-31 08:32:40
Flat White,Dine-in,1,2026-08-31 08:38:09
Chicken Schnitzel Burger,Uber Eats,1,2026-08-31 09:13:49
Flat White,Dine-in,1,2026-08-31 09:36:38
Avocado Toast,Dine-in,1,2026-08-31 09:48:32
Chicken Schnitzel Burger,Dine-in,2,2026-08-31 10:07:25
Banana Bread,Dine-in,1,2026-08-31 11:24:26
Avocado Toast,DoorDash,1,2026-08-31 11:25:55
Chicken Schnitzel Burger,Uber Eats,1,2026-08-31 11:42:19
Flat White,Dine-in,1,2026-08-31 12:04:09
Chicken Schnitzel Burger,Dine-in,2,2026-08-31 12:09:28
Chicken Schnitzel Burger,Uber Eats,1,2026-08-31 12:11:08
Avocado Toast,Uber Eats,1,2026-08-31 12:17:28
Caesar Salad,Dine-in,1,2026-08-31 12:31:29
Caesar Salad,Dine-in,1,2026-08-31 12:42:53
Bacon & Egg Roll,DoorDash,1,2026-08-31 12:52:41
Flat White,Dine-in,1,2026-08-31 12:58:21
Caesar Salad,Dine-in,1,2026-08-31 13:51:22
Caesar Salad,Uber Eats,1,2026-08-31 13:58:23
Bacon & Egg Roll,Dine-in,1,2026-08-31 14:36:41
Flat White,Menulog,1,2026-08-31 14:55:20
Bacon & Egg Roll,DoorDash,2,2026-09-01 07:21:56
Flat White,Dine-in,1,2026-09-01 07:54:50
Flat White,Dine-in,1,2026-09-01 08:22:19
Flat White,Dine-in,2,2026-09-01 08:27:05
Banana Bread,Dine-in,2,2026-09-01 08:42:27
Caesar Salad,Dine-in,1,2026-09-01 08:44:53
Flat White,Dine-in,1,2026-09-01 08:53:44
Flat White,Dine-in,1,2026-09-01 09:01:26
Flat White,Dine-in,1,2026-09-01 09:26:49
Bacon & Egg Roll,Dine-in,1,2026-09-01 09:30:32
Avocado Toast,Uber Eats,2,2026-09-01 09:45:05
Flat White,Dine-in,1,2026-09-01 09:47:50
Avocado Toast,DoorDash,3,2026-09-01 10:01:20
Bacon & Egg Roll,Dine-in,1,2026-09-01 10:26:23
Flat White,Dine-in,1,2026-09-01 10:28:33
Chicken Schnitzel Burger,Dine-in,2,2026-09-01 12:04:21
Caesar Salad,Dine-in,1,2026-09-01 12:05:19
Flat White,Dine-in,1,2026-09-01 12:55:23
Chicken Schnitzel Burger,DoorDash,2,2026-09-01 12:58:38
Flat White,Dine-in,2,2026-09-01 13:18:05
Chicken Schnitzel Burger,Dine-in,1,2026-09-01 13:30:57
Avocado Toast,DoorDash,2,2026-09-01 13:39:38
Avocado Toast,Dine-in,1,2026-09-01 13:57:02
Flat White,Dine-in,1,2026-09-01 14:21:49
Avocado Toast,Dine-in,1,2026-09-01 14:52:12
Flat White,Dine-in,3,2026-09-01 15:29:49
Flat White,Dine-in,1,2026-09-02 07:11:57
Caesar Salad,Uber Eats,3,2026-09-02 07:12:02
Bacon & Egg Roll,Dine-in,1,2026-09-02 08:18:15
Avocado Toast,Dine-in,3,2026-09-02 08:18:20
Flat White,Dine-in,2,2026-09-02 08:22:55
Bacon & Egg Roll,Dine-in,1,2026-09-02 08:23:27
Caesar Salad,Dine-in,3,2026-09-02 08:38:43
Bacon & Egg Roll,Dine-in,1,2026-09-02 08:45:30
Flat White,Dine-in,2,2026-09-02 09:05:46
Bacon & Egg Roll,Dine-in,1,2026-09-02 09:21:52
Bacon & Egg Roll,Dine-in,1,2026-09-02 09:25:52
Flat White,Dine-in,1,2026-09-02 09:53:09
Bacon & Egg Roll,Dine-in,2,2026-09-02 10:11:31
Flat White,Dine-in,1,2026-09-02 10:20:41
Caesar Salad,Uber Eats,1,2026-09-02 10:42:42
Flat White,Menulog,1,2026-09-02 10:47:01
Chicken Schnitzel Burger,Menulog,1,2026-09-02 11:15:45
Avocado Toast,Menulog,1,2026-09-02 11:32:35
Flat White,Menulog,1,2026-09-02 11:58:35
Flat White,Dine-in,1,2026-09-02 12:06:49
Chicken Schnitzel Burger,Uber Eats,1,2026-09-02 12:10:44
Flat White,Dine-in,1,2026-09-02 12:23:23
Chicken Schnitzel Burger,Dine-in,1,2026-09-02 12:23:23
Banana Bread,Menulog,1,2026-09-02 12:23:32
Caesar Salad,DoorDash,1,2026-09-02 12:44:58
Bacon & Egg Roll,Dine-in,1,2026-09-02 13:08:02
Flat White,Dine-in,1,2026-09-02 13:29:04
Banana Bread,Dine-in,1,2026-09-02 13:32:14
Flat White,Dine-in,1,2026-09-02 13:54:10
Banana Bread,Dine-in,2,2026-09-02 14:20:42
Avocado Toast,Dine-in,2,2026-09-02 14:39:27
Bacon & Egg Roll,Dine-in,1,2026-09-02 15:30:40
Chicken Schnitzel Burger,Menulog,1,2026-09-03 07:12:40
Chicken Schnitzel Burger,DoorDash,1,2026-09-03 07:45:21
Flat White,Dine-in,3,2026-09-03 07:55:01
Avocado Toast,Dine-in,1,2026-09-03 08:20:41
Avocado Toast,Dine-in,1,2026-09-03 08:35:18
Caesar Salad,Menulog,1,2026-09-03 08:36:26
Chicken Schnitzel Burger,Dine-in,1,2026-09-03 08:39:46
Avocado Toast,Dine-in,1,2026-09-03 08:59:45
Banana Bread,Dine-in,1,2026-09-03 09:03:18
Bacon & Egg Roll,Dine-in,1,2026-09-03 09:04:44
Chicken Schnitzel Burger,Menulog,2,2026-09-03 09:23:48
Flat White,DoorDash,1,2026-09-03 10:51:35
Chicken Schnitzel Burger,Menulog,2,2026-09-03 11:05:25
Chicken Schnitzel Burger,Dine-in,1,2026-09-03 11:17:28
Bacon & Egg Roll,Dine-in,1,2026-09-03 11:34:00
Avocado Toast,Dine-in,1,2026-09-03 11:36:19
Flat White,Dine-in,2,2026-09-03 11:41:19
Bacon & Egg Roll,Dine-in,1,2026-09-03 11:55:03
Flat White,Dine-in,1,2026-09-03 12:05:32
Bacon & Egg Roll,Dine-in,3,2026-09-03 12:12:48
Chicken Schnitzel Burger,Uber Eats,1,2026-09-03 12:15:55
Chicken Schnitzel Burger,Uber Eats,1,2026-09-03 12:20:55
Avocado Toast,Menulog,1,2026-09-03 12:30:33
Avocado Toast,Dine-in,2,2026-09-03 12:48:25
Flat White,Dine-in,1,2026-09-03 12:53:19
Avocado Toast,Dine-in,1,2026-09-03 13:08:20
Chicken Schnitzel Burger,Uber Eats,1,2026-09-03 13:35:40
Bacon & Egg Roll,Dine-in,2,2026-09-03 15:08:48
Caesar Salad,DoorDash,1,2026-09-03 15:43:39
Banana Bread,DoorDash,1,2026-09-04 08:03:37
Flat White,Dine-in,1,2026-09-04 08:08:30
Flat White,Dine-in,1,2026-09-04 08:21:18
Flat White,Dine-in,1,2026-09-04 08:26:37
Avocado Toast,Dine-in,1,2026-09-04 08:32:49
Bacon & Egg Roll,DoorDash,1,2026-09-04 08:39:47
Bacon & Egg Roll,Dine-in,1,2026-09-04 09:03:58
Caesar Salad,Dine-in,1,2026-09-04 09:18:36
Caesar Salad,Dine-in,2,2026-09-04 09:30:12
Chicken Schnitzel Burger,DoorDash,1,2026-09-04 09:30:13
Flat White,Dine-in,2,2026-09-04 09:46:29
Caesar Salad,Uber Eats,1,2026-09-04 09:59:59
Chicken Schnitzel Burger,Dine-in,3,2026-09-04 11:24:20
Flat White,Dine-in,1,2026-09-04 11:40:14
Avocado Toast,Dine-in,1,2026-09-04 11:43:49
Caesar Salad,Uber Eats,1,2026-09-04 12:00:35
Flat White,Dine-in,1,2026-09-04 12:12:01
Chicken Schnitzel Burger,Dine-in,2,2026-09-04 12:24:09
Flat White,Dine-in,1,2026-09-04 12:24:57
Flat White,Dine-in,1,2026-09-04 12:25:52
Banana Bread,Dine-in,2,2026-09-04 12:38:30
Avocado Toast,Dine-in,2,2026-09-04 12:45:08
Caesar Salad,Dine-in,1,2026-09-04 12:54:59
Caesar Salad,Dine-in,1,2026-09-04 13:08:54
Bacon & Egg Roll,Dine-in,3,2026-09-04 13:18:02
Flat White,Dine-in,1,2026-09-04 13:30:30
Chicken Schnitzel Burger,Menulog,2,2026-09-04 14:02:53
Flat White,Dine-in,1,2026-09-04 14:19:49
Avocado Toast,Dine-in,3,2026-09-04 14:59:18
Chicken Schnitzel Burger,Dine-in,2,2026-09-05 07:24:43
Flat White,Dine-in,1,2026-09-05 07:28:54
Bacon & Egg Roll,Dine-in,1,2026-09-05 07:38:02
Chicken Schnitzel Burger,Menulog,1,2026-09-05 08:08:30
Flat White,Dine-in,1,2026-09-05 08:12:59
Caesar Salad,DoorDash,1,2026-09-05 08:19:10
Chicken Schnitzel Burger,Uber Eats,1,2026-09-05 08:37:31
Caesar Salad,Dine-in,2,2026-09-05 09:02:25
Chicken Schnitzel Burger,Dine-in,1,2026-09-05 09:04:34
Chicken Schnitzel Burger,Dine-in,1,2026-09-05 09:32:56
Caesar Salad,Uber Eats,3,2026-09-05 09:46:36
Caesar Salad,Dine-in,1,2026-09-05 09:48:38
Chicken Schnitzel Burger,Dine-in,1,2026-09-05 10:19:24
Flat White,Dine-in,1,2026-09-05 10:33:08
Caesar Salad,Uber Eats,2,2026-09-05 10:52:00
Caesar Salad,DoorDash,1,2026-09-05 11:29:36
Caesar Salad,DoorDash,1,2026-09-05 11:30:48
Flat White,Dine-in,1,2026-09-05 11:36:34
Flat White,Dine-in,2,2026-09-05 11:36:38
Avocado Toast,DoorDash,2,2026-09-05 11:49:18
Flat White,Dine-in,3,2026-09-05 11:53:20
Flat White,Dine-in,1,2026-09-05 12:04:58
Chicken Schnitzel Burger,Dine-in,2,2026-09-05 12:08:32
Avocado Toast,Dine-in,2,2026-09-05 12:19:44
Banana Bread,Dine-in,1,2026-09-05 12:27:34
Bacon & Egg Roll,Dine-in,1,2026-09-05 12:39:49
Bacon & Egg Roll,Menulog,1,2026-09-05 13:07:11
Avocado Toast,DoorDash,1,2026-09-05 13:09:51
Flat White,Dine-in,1,2026-09-05 13:37:46
Bacon & Egg Roll,Dine-in,1,2026-09-05 13:42:33
Avocado Toast,Uber Eats,3,2026-09-05 13:58:11
Banana Bread,Dine-in,1,2026-09-05 14:02:18
Flat White,Dine-in,1,2026-09-05 14:19:58
Banana Bread,Dine-in,1,2026-09-05 14:24:24
Banana Bread,Menulog,1,2026-09-05 15:30:58
Bacon & Egg Roll,Dine-in,2,2026-09-05 15:41:26
Avocado Toast,Dine-in,1,2026-09-05 15:41:42
Avocado Toast,Dine-in,1,2026-09-05 15:53:00
Avocado Toast,Dine-in,1,2026-09-06 07:16:15
Flat White,Dine-in,1,2026-09-06 07:19:28
Banana Bread,Dine-in,1,2026-09-06 07:34:35
Avocado Toast,Uber Eats,1,2026-09-06 07:40:42
Chicken Schnitzel Burger,DoorDash,2,2026-09-06 07:54:41
Caesar Salad,Dine-in,1,2026-09-06 08:25:20
Flat White,Dine-in,1,2026-09-06 08:28:35
Bacon & Egg Roll,Dine-in,1,2026-09-06 08:34:31
Flat White,DoorDash,1,2026-09-06 08:40:14
Banana Bread,Dine-in,2,2026-09-06 08:57:55
Avocado Toast,Dine-in,1,2026-09-06 09:05:38
Chicken Schnitzel Burger,DoorDash,1,2026-09-06 09:24:17
Flat White,Dine-in,1,2026-09-06 09:24:49
Bacon & Egg Roll,Dine-in,2,2026-09-06 10:04:19
Bacon & Egg Roll,Uber Eats,1,2026-09-06 10:09:12
Flat White,Dine-in,1,2026-09-06 11:03:40
Flat White,Dine-in,1,2026-09-06 11:04:10
Avocado Toast,Dine-in,1,2026-09-06 11:08:19
Bacon & Egg Roll,Menulog,3,2026-09-06 11:10:43
Flat White,Dine-in,1,2026-09-06 11:14:47
Flat White,Dine-in,2,2026-09-06 11:18:01
Avocado Toast,Dine-in,1,2026-09-06 11:37:34
Flat White,Dine-in,2,2026-09-06 11:41:43
Banana Bread,Menulog,3,2026-09-06 11:53:54
Banana Bread,Dine-in,1,2026-09-06 12:01:40
Chicken Schnitzel Burger,Dine-in,1,2026-09-06 12:16:52
Bacon & Egg Roll,Dine-in,1,2026-09-06 12:19:20
Flat White,Dine-in,3,2026-09-06 12:32:47
Flat White,Dine-in,1,2026-09-06 12:40:09
Bacon & Egg Roll,Dine-in,1,2026-09-06 12:47:31
Caesar Salad,Dine-in,1,2026-09-06 12:51:15
Caesar Salad,DoorDash,1,2026-09-06 13:01:13
Bacon & Egg Roll,Uber Eats,1,2026-09-06 13:21:24
Flat White,Dine-in,1,2026-09-06 13:21:38
Bacon & Egg Roll,Uber Eats,1,2026-09-06 13:28:21
Chicken Schnitzel Burger,Uber Eats,1,2026-09-06 13:36:54
Bacon & Egg Roll,Dine-in,1,2026-09-06 13:50:26
Caesar Salad,Dine-in,1,2026-09-06 14:11:06
Flat White,DoorDash,2,2026-09-06 14:13:28
Chicken Schnitzel Burger,Menulog,1,2026-09-06 14:27:11
Bacon & Egg Roll,Dine-in,1,2026-09-06 14:29:36
Chicken Schnitzel Burger,Dine-in,1,2026-09-06 14:43:59
Bacon & Egg Roll,Dine-in,1,2026-09-07 07:01:50
Banana Bread,Dine-in,3,2026-09-07 08:10:31
Chicken Schnitzel Burger,Dine-in,2,2026-09-07 08:15:42
Caesar Salad,Uber Eats,1,2026-09-07 09:06:43
Avocado Toast,Dine-in,1,2026-09-07 09:29:39
Flat White,Dine-in,1,2026-09-07 09:45:51
Bacon & Egg Roll,Dine-in,1,2026-09-07 09:50:13
Flat White,Dine-in,1,2026-09-07 10:09:32
Flat White,Dine-in,1,2026-09-07 10:24:04
Chicken Schnitzel Burger,Dine-in,1,2026-09-07 10:31:40
Chicken Schnitzel Burger,Dine-in,2,2026-09-07 11:23:20
Banana Bread,Dine-in,2,2026-09-07 11:35:10
Flat White,Dine-in,1,2026-09-07 11:41:43
Banana Bread,DoorDash,1,2026-09-07 11:43:31
Chicken Schnitzel Burger,Dine-in,1,2026-09-07 11:59:58
Avocado Toast,Dine-in,1,2026-09-07 12:09:22
Caesar Salad,Uber Eats,1,2026-09-07 12:14:28
Flat White,Dine-in,1,2026-09-07 12:28:20
Caesar Salad,DoorDash,2,2026-09-07 12:43:08
Bacon & Egg Roll,Uber Eats,1,2026-09-07 13:00:31
Banana Bread,Dine-in,1,2026-09-07 13:06:00
Chicken Schnitzel Burger,DoorDash,2,2026-09-07 13:28:37
Avocado Toast,Dine-in,1,2026-09-07 13:40:11
Avocado Toast,Dine-in,1,2026-09-07 14:05:07
Caesar Salad,Uber Eats,1,2026-09-07 14:20:38
Avocado Toast,Dine-in,1,2026-09-07 15:44:57
Avocado Toast,Dine-in,1,2026-09-08 07:21:52
Avocado Toast,Uber Eats,1,2026-09-08 07:22:34
Flat White,Dine-in,1,2026-09-08 07:42:57
Caesar Salad,DoorDash,1,2026-09-08 07:50:56
Flat White,Dine-in,1,2026-09-08 08:04:08
Caesar Salad,Menulog,1,2026-09-08 08:05:46
Banana Bread,Dine-in,2,2026-09-08 08:48:50
Chicken Schnitzel Burger,Dine-in,3,2026-09-08 08:53:41
Chicken Schnitzel Burger,DoorDash,2,2026-09-08 09:17:54
Banana Bread,Dine-in,2,2026-09-08 09:55:59
Bacon & Egg Roll,Dine-in,2,2026-09-08 11:07:36
Flat White,Dine-in,1,2026-09-08 11:10:49
Banana Bread,Dine-in,2,2026-09-08 11:20:53
Flat White,Dine-in,3,2026-09-08 11:22:55
Avocado Toast,Dine-in,3,2026-09-08 12:15:13
Chicken Schnitzel Burger,Dine-in,1,2026-09-08 12:40:27
Flat White,Dine-in,1,2026-09-08 12:44:55
Flat White,Dine-in,1,2026-09-08 12:48:14
Avocado Toast,Dine-in,2,2026-09-08 12:56:23
Flat White,Dine-in,1,2026-09-08 13:01:07
Bacon & Egg Roll,DoorDash,1,2026-09-08 13:02:48
Chicken Schnitzel Burger,Uber Eats,1,2026-09-08 13:25:31
Caesar Salad,Menulog,1,2026-09-08 13:50:34
Avocado Toast,Dine-in,1,2026-09-08 13:54:46
Avocado Toast,DoorDash,2,2026-09-08 13:57:43
Flat White,Dine-in,1,2026-09-08 15:27:12
Flat White,Dine-in,2,2026-09-09 08:07:37
Avocado Toast,Dine-in,1,2026-09-09 08:30:49
Chicken Schnitzel Burger,Uber Eats,2,2026-09-09 08:32:00
Chicken Schnitzel Burger,Uber Eats,2,2026-09-09 08:51:33
Flat White,Menulog,1,2026-09-09 09:24:55
Caesar Salad,DoorDash,1,2026-09-09 09:32:58
Flat White,Dine-in,1,2026-09-09 09:40:38
Avocado Toast,Menulog,1,2026-09-09 10:09:11
Chicken Schnitzel Burger,Dine-in,1,2026-09-09 10:44:25
Banana Bread,Dine-in,1,2026-09-09 11:18:49
Chicken Schnitzel Burger,Uber Eats,1,2026-09-09 11:23:10
Caesar Salad,Dine-in,1,2026-09-09 11:39:41
Chicken Schnitzel Burger,DoorDash,2,2026-09-09 12:01:21
Chicken Schnitzel Burger,Menulog,2,2026-09-09 12:10:23
Flat White,Dine-in,1,2026-09-09 12:17:52
Flat White,Dine-in,1,2026-09-09 12:18:49
Chicken Schnitzel Burger,Uber Eats,1,2026-09-09 12:19:42
Flat White,Dine-in,1,2026-09-09 12:36:40
Bacon & Egg Roll,Dine-in,1,2026-09-09 12:44:00
Flat White,Dine-in,1,2026-09-09 12:50:57
Chicken Schnitzel Burger,DoorDash,1,2026-09-09 12:53:41
Flat White,Dine-in,1,2026-09-09 12:54:15
Flat White,Dine-in,2,2026-09-09 13:13:33
Flat White,Dine-in,1,2026-09-09 13:15:17
Flat White,Dine-in,1,2026-09-09 13:55:08
Avocado Toast,Uber Eats,2,2026-09-09 14:39:43
Bacon & Egg Roll,Dine-in,1,2026-09-09 14:47:41
Flat White,DoorDash,1,2026-09-09 14:50:25
Flat White,Dine-in,1,2026-09-10 07:12:18
Caesar Salad,Uber Eats,1,2026-09-10 07:53:49
Chicken Schnitzel Burger,Uber Eats,1,2026-09-10 08:22:49
Bacon & Egg Roll,Dine-in,1,2026-09-10 08:24:08
Chicken Schnitzel Burger,Uber Eats,1,2026-09-10 08:43:19
Flat White,Dine-in,3,2026-09-10 08:49:37
Caesar Salad,Dine-in,2,2026-09-10 09:51:34
Avocado Toast,Dine-in,1,2026-09-10 09:58:11
Banana Bread,Dine-in,2,2026-09-10 10:34:50
Flat White,Dine-in,2,2026-09-10 10:40:41
Avocado Toast,Menulog,3,2026-09-10 10:46:25
Avocado Toast,Uber Eats,2,2026-09-10 10:57:23
Flat White,Dine-in,1,2026-09-10 11:37:31
Bacon & Egg Roll,Dine-in,1,2026-09-10 11:40:52
Flat White,Dine-in,1,2026-09-10 11:47:35
Bacon & Egg Roll,Dine-in,2,2026-09-10 11:50:15
Chicken Schnitzel Burger,Dine-in,1,2026-09-10 12:08:15
Chicken Schnitzel Burger,Uber Eats,1,2026-09-10 12:16:52
Caesar Salad,Uber Eats,1,2026-09-10 12:19:06
Avocado Toast,Uber Eats,1,2026-09-10 12:41:18
Flat White,Menulog,1,2026-09-10 12:44:56
Caesar Salad,Dine-in,1,2026-09-10 13:20:09
Bacon & Egg Roll,Menulog,1,2026-09-10 13:20:20
Bacon & Egg Roll,Dine-in,1,2026-09-10 13:51:21
Chicken Schnitzel Burger,Menulog,3,2026-09-10 15:09:45
Bacon & Egg Roll,DoorDash,1,2026-09-10 15:12:57
Avocado Toast,Uber Eats,1,2026-09-11 07:58:39
Banana Bread,Dine-in,3,2026-09-11 08:42:15
Flat White,Dine-in,1,2026-09-11 09:04:15
Avocado Toast,Dine-in,1,2026-09-11 09:14:01
Bacon & Egg Roll,Dine-in,1,2026-09-11 09:31:02
Flat White,Dine-in,3,2026-09-11 10:06:21
Caesar Salad,Dine-in,2,2026-09-11 10:46:44
Banana Bread,Dine-in,1,2026-09-11 11:12:53
Flat White,Uber Eats,2,2026-09-11 11:54:49
Caesar Salad,Uber Eats,2,2026-09-11 13:20:03
Avocado Toast,Uber Eats,3,2026-09-11 13:31:41
Caesar Salad,Dine-in,1,2026-09-11 13:39:50
Bacon & Egg Roll,Dine-in,1,2026-09-11 13:54:11
Bacon & Egg Roll,DoorDash,2,2026-09-11 13:55:23
Caesar Salad,DoorDash,1,2026-09-11 14:01:45
Flat White,Dine-in,1,2026-09-11 14:39:14
Flat White,Dine-in,1,2026-09-11 14:52:45
Bacon & Egg Roll,DoorDash,1,2026-09-11 15:14:36
Bacon & Egg Roll,Dine-in,1,2026-09-11 15:33:22
Flat White,Dine-in,1,2026-09-12 07:03:58
Avocado Toast,Dine-in,1,2026-09-12 07:05:18
Bacon & Egg Roll,Dine-in,1,2026-09-12 07:13:15
Avocado Toast,Dine-in,1,2026-09-12 07:28:29
Flat White,Dine-in,2,2026-09-12 07:45:32
Chicken Schnitzel Burger,Dine-in,3,2026-09-12 08:06:36
Chicken Schnitzel Burger,DoorDash,2,2026-09-12 08:09:09
Chicken Schnitzel Burger,Dine-in,1,2026-09-12 08:13:10
Avocado Toast,Dine-in,3,2026-09-12 08:13:51
Chicken Schnitzel Burger,DoorDash,1,2026-09-12 08:25:09
Caesar Salad,Dine-in,1,2026-09-12 08:25:36
Banana Bread,Dine-in,1,2026-09-12 08:50:25
Avocado Toast,Uber Eats,1,2026-09-12 08:52:40
Flat White,Dine-in,1,2026-09-12 09:23:01
Banana Bread,Dine-in,1,2026-09-12 09:47:28
Avocado Toast,Dine-in,1,2026-09-12 09:53:57
Flat White,Dine-in,1,2026-09-12 10:54:45
Caesar Salad,Dine-in,1,2026-09-12 10:56:21
Avocado Toast,Dine-in,1,2026-09-12 10:56:24
Bacon & Egg Roll,Dine-in,1,2026-09-12 11:11:12
Flat White,Dine-in,1,2026-09-12 11:25:40
Caesar Salad,Dine-in,1,2026-09-12 11:28:11
Banana Bread,Dine-in,1,2026-09-12 11:33:55
Chicken Schnitzel Burger,Dine-in,2,2026-09-12 11:58:55
Banana Bread,Uber Eats,1,2026-09-12 11:59:46
Flat White,Dine-in,2,2026-09-12 12:03:24
Flat White,Dine-in,2,2026-09-12 12:05:12
Chicken Schnitzel Burger,DoorDash,1,2026-09-12 12:06:05
Bacon & Egg Roll,Dine-in,1,2026-09-12 12:14:35
Banana Bread,Dine-in,1,2026-09-12 12:24:11
Avocado Toast,Dine-in,1,2026-09-12 12:27:10
Chicken Schnitzel Burger,Uber Eats,3,2026-09-12 12:59:30
Flat White,Dine-in,1,2026-09-12 13:02:18
Chicken Schnitzel Burger,DoorDash,2,2026-09-12 13:05:24
Avocado Toast,Uber Eats,1,2026-09-12 13:10:46
Flat White,Dine-in,2,2026-09-12 13:36:41
Bacon & Egg Roll,Dine-in,1,2026-09-12 13:54:44
Bacon & Egg Roll,Dine-in,2,2026-09-12 13:56:26
Chicken Schnitzel Burger,DoorDash,1,2026-09-12 15:09:07
Banana Bread,Menulog,1,2026-09-12 15:57:30
Flat White,Dine-in,1,2026-09-13 07:17:40
Avocado Toast,DoorDash,1,2026-09-13 07:26:42
Flat White,Dine-in,1,2026-09-13 07:31:18
Flat White,Dine-in,1,2026-09-13 08:07:53
Caesar Salad,Dine-in,1,2026-09-13 08:11:38
Banana Bread,Dine-in,1,2026-09-13 08:14:47
Banana Bread,Dine-in,1,2026-09-13 08:58:58
Avocado Toast,Dine-in,1,2026-09-13 09:16:13
Chicken Schnitzel Burger,Uber Eats,1,2026-09-13 09:53:33
Caesar Salad,Dine-in,2,2026-09-13 10:06:00
Chicken Schnitzel Burger,Menulog,2,2026-09-13 10:19:26
Avocado Toast,Menulog,1,2026-09-13 10:36:57
Avocado Toast,Dine-in,2,2026-09-13 10:37:18
Caesar Salad,Dine-in,2,2026-09-13 10:41:38
Chicken Schnitzel Burger,Dine-in,1,2026-09-13 10:43:08
Caesar Salad,DoorDash,2,2026-09-13 10:57:06
Flat White,DoorDash,1,2026-09-13 11:07:35
Avocado Toast,DoorDash,2,2026-09-13 11:48:49
Avocado Toast,Uber Eats,1,2026-09-13 11:55:49
Caesar Salad,Uber Eats,2,2026-09-13 11:58:11
Chicken Schnitzel Burger,Dine-in,1,2026-09-13 12:00:28
Bacon & Egg Roll,Dine-in,1,2026-09-13 12:03:42
Caesar Salad,DoorDash,1,2026-09-13 12:22:19
Flat White,Dine-in,1,2026-09-13 12:35:11
Chicken Schnitzel Burger,Uber Eats,1,2026-09-13 12:36:52
Flat White,Dine-in,1,2026-09-13 12:37:39
Avocado Toast,Dine-in,1,2026-09-13 12:49:05
Flat White,Uber Eats,2,2026-09-13 13:13:54
Chicken Schnitzel Burger,Uber Eats,1,2026-09-13 13:19:18
Avocado Toast,DoorDash,2,2026-09-13 13:24:56
Chicken Schnitzel Burger,Dine-in,1,2026-09-13 13:31:12
Avocado Toast,DoorDash,1,2026-09-13 13:51:38
Avocado Toast,DoorDash,1,2026-09-13 13:58:42
Caesar Salad,DoorDash,1,2026-09-13 14:24:00
Flat White,Dine-in,1,2026-09-13 14:41:19
Flat White,Dine-in,1,2026-09-13 14:44:59
Flat White,Dine-in,1,2026-09-13 14:45:45
Flat White,Dine-in,1,2026-09-13 15:13:46
Bacon & Egg Roll,Dine-in,2,2026-09-13 15:22:45
Avocado Toast,Uber Eats,3,2026-09-14 07:14:35
Banana Bread,Dine-in,1,2026-09-14 07:14:54
Flat White,Dine-in,1,2026-09-14 07:18:23
Flat White,Dine-in,2,2026-09-14 08:21:22
Bacon & Egg Roll,Dine-in,1,2026-09-14 08:24:49
Chicken Schnitzel Burger,DoorDash,1,2026-09-14 08:25:29
Avocado Toast,DoorDash,3,2026-09-14 08:26:58
Bacon & Egg Roll,Dine-in,1,2026-09-14 08:31:47
Flat White,Dine-in,2,2026-09-14 08:48:56
Caesar Salad,Menulog,1,2026-09-14 09:28:39
Caesar Salad,Uber Eats,2,2026-09-14 09:44:35
Avocado Toast,Dine-in,2,2026-09-14 10:04:16
Flat White,Dine-in,3,2026-09-14 10:29:52
Caesar Salad,DoorDash,1,2026-09-14 10:38:38
Caesar Salad,Dine-in,1,2026-09-14 10:59:40
Flat White,Dine-in,1,2026-09-14 11:00:52
Flat White,Dine-in,1,2026-09-14 11:03:35
Caesar Salad,DoorDash,1,2026-09-14 11:13:41
Banana Bread,Dine-in,1,2026-09-14 11:18:16
Chicken Schnitzel Burger,Dine-in,1,2026-09-14 11:42:23
Chicken Schnitzel Burger,Dine-in,2,2026-09-14 11:42:37
Banana Bread,Dine-in,1,2026-09-14 11:44:06
Flat White,Dine-in,2,2026-09-14 11:47:36
Avocado Toast,Dine-in,1,2026-09-14 11:51:36
Bacon & Egg Roll,Dine-in,1,2026-09-14 11:58:58
Avocado Toast,Uber Eats,2,2026-09-14 12:06:16
Chicken Schnitzel Burger,Dine-in,1,2026-09-14 12:30:22
Bacon & Egg Roll,Uber Eats,2,2026-09-14 12:51:10
Avocado Toast,Dine-in,3,2026-09-14 13:04:46
Flat White,Dine-in,3,2026-09-14 13:33:33
Avocado Toast,DoorDash,2,2026-09-14 13:55:10
Flat White,Dine-in,1,2026-09-14 13:57:08
Caesar Salad,Dine-in,1,2026-09-14 13:57:39
Flat White,Dine-in,3,2026-09-14 15:28:51
Avocado Toast,Dine-in,1,2026-09-14 15:58:44
Bacon & Egg Roll,Dine-in,1,2026-09-15 07:06:01
Bacon & Egg Roll,Dine-in,1,2026-09-15 07:17:35
Caesar Salad,Dine-in,1,2026-09-15 07:24:24
Chicken Schnitzel Burger,Dine-in,1,2026-09-15 07:43:07
Caesar Salad,Dine-in,1,2026-09-15 07:50:18
Chicken Schnitzel Burger,DoorDash,1,2026-09-15 08:16:26
Chicken Schnitzel Burger,Dine-in,2,2026-09-15 08:34:34
Flat White,Dine-in,1,2026-09-15 09:05:04
Flat White,Dine-in,1,2026-09-15 09:50:10
Flat White,Dine-in,1,2026-09-15 10:32:50
Bacon & Egg Roll,Dine-in,2,2026-09-15 10:52:04
Banana Bread,Uber Eats,2,2026-09-15 11:40:04
Caesar Salad,DoorDash,1,2026-09-15 11:47:38
Caesar Salad,Menulog,1,2026-09-15 11:48:41
Bacon & Egg Roll,Uber Eats,1,2026-09-15 11:59:09
Caesar Salad,Dine-in,3,2026-09-15 12:11:32
Chicken Schnitzel Burger,Dine-in,1,2026-09-15 12:18:43
Avocado Toast,Dine-in,1,2026-09-15 12:20:32
Flat White,Dine-in,2,2026-09-15 12:21:23
Flat White,DoorDash,1,2026-09-15 12:32:51
Chicken Schnitzel Burger,DoorDash,1,2026-09-15 12:33:14
Chicken Schnitzel Burger,Dine-in,2,2026-09-15 12:35:30
Caesar Salad,Dine-in,1,2026-09-15 12:37:02
Chicken Schnitzel Burger,DoorDash,2,2026-09-15 12:39:15
Chicken Schnitzel Burger,DoorDash,1,2026-09-15 12:43:47
Chicken Schnitzel Burger,Menulog,2,2026-09-15 12:53:42
Banana Bread,Dine-in,2,2026-09-15 12:57:53
Avocado Toast,DoorDash,1,2026-09-15 13:13:34
Flat White,Dine-in,2,2026-09-15 13:28:53
Bacon & Egg Roll,Dine-in,1,2026-09-15 14:03:00
Caesar Salad,Dine-in,1,2026-09-15 14:07:24
Avocado Toast,DoorDash,1,2026-09-15 15:04:11
Chicken Schnitzel Burger,DoorDash,2,2026-09-16 07:04:57
Caesar Salad,Dine-in,3,2026-09-16 07:55:35
Bacon & Egg Roll,Dine-in,1,2026-09-16 08:32:08
Caesar Salad,Uber Eats,1,2026-09-16 08:42:51
Flat White,Dine-in,3,2026-09-16 08:50:43
Flat White,Dine-in,1,2026-09-16 09:12:46
Avocado Toast,Uber Eats,1,2026-09-16 09:42:19
Bacon & Egg Roll,DoorDash,1,2026-09-16 10:19:31
Flat White,DoorDash,1,2026-09-16 10:37:13
Caesar Salad,Uber Eats,1,2026-09-16 10:42:01
Chicken Schnitzel Burger,Dine-in,1,2026-09-16 10:51:54
Avocado Toast,Uber Eats,2,2026-09-16 10:53:23
Chicken Schnitzel Burger,Uber Eats,1,2026-09-16 11:05:19
Chicken Schnitzel Burger,Uber Eats,1,2026-09-16 11:42:15
Flat White,Dine-in,3,2026-09-16 12:09:47
Banana Bread,Dine-in,1,2026-09-16 12:15:06
Flat White,Dine-in,1,2026-09-16 12:46:54
Banana Bread,Dine-in,1,2026-09-16 12:58:50
Flat White,Dine-in,1,2026-09-16 13:27:10
Flat White,Dine-in,1,2026-09-16 13:54:52
Caesar Salad,DoorDash,1,2026-09-16 14:54:32
Chicken Schnitzel Burger,Dine-in,1,2026-09-16 15:30:41
Flat White,Dine-in,2,2026-09-16 15:35:29
Flat White,DoorDash,1,2026-09-17 07:16:59
Chicken Schnitzel Burger,Dine-in,1,2026-09-17 07:33:27
Bacon & Egg Roll,Uber Eats,1,2026-09-17 07:36:37
Chicken Schnitzel Burger,Menulog,1,2026-09-17 07:46:46
Bacon & Egg Roll,DoorDash,1,2026-09-17 07:49:43
Bacon & Egg Roll,Dine-in,1,2026-09-17 08:00:24
Avocado Toast,Dine-in,1,2026-09-17 08:04:32
Caesar Salad,Dine-in,1,2026-09-17 08:30:49
Flat White,Dine-in,1,2026-09-17 08:37:52
Chicken Schnitzel Burger,Dine-in,1,2026-09-17 08:43:21
Avocado Toast,DoorDash,1,2026-09-17 09:42:13
Banana Bread,Dine-in,1,2026-09-17 09:58:14
Chicken Schnitzel Burger,Dine-in,1,2026-09-17 10:08:06
Caesar Salad,Dine-in,1,2026-09-17 10:09:27
Chicken Schnitzel Burger,Menulog,2,2026-09-17 10:12:00
Flat White,Dine-in,2,2026-09-17 10:23:39
Chicken Schnitzel Burger,Dine-in,1,2026-09-17 10:24:23
Flat White,Dine-in,1,2026-09-17 10:45:52
Caesar Salad,Uber Eats,2,2026-09-17 11:30:30
Flat White,Dine-in,1,2026-09-17 11:30:55
Flat White,Dine-in,2,2026-09-17 11:30:56
Caesar Salad,DoorDash,1,2026-09-17 11:47:58
Chicken Schnitzel Burger,Menulog,2,2026-09-17 11:48:07
Avocado Toast,DoorDash,3,2026-09-17 12:17:53
Bacon & Egg Roll,DoorDash,1,2026-09-17 13:38:06
Bacon & Egg Roll,Dine-in,1,2026-09-17 14:56:02
Flat White,Dine-in,3,2026-09-18 07:49:52
Caesar Salad,Dine-in,1,2026-09-18 08:00:47
Flat White,Dine-in,2,2026-09-18 08:12:29
Caesar Salad,Dine-in,3,2026-09-18 08:17:49
Caesar Salad,Dine-in,1,2026-09-18 08:25:50
Caesar Salad,DoorDash,2,2026-09-18 08:40:00
Chicken Schnitzel Burger,Dine-in,1,2026-09-18 09:22:49
Chicken Schnitzel Burger,Dine-in,1,2026-09-18 10:06:35
Bacon & Egg Roll,Dine-in,3,2026-09-18 11:29:57
Bacon & Egg Roll,Dine-in,1,2026-09-18 12:05:04
Banana Bread,Dine-in,1,2026-09-18 12:35:58
Chicken Schnitzel Burger,DoorDash,1,2026-09-18 12:43:02
Bacon & Egg Roll,Dine-in,2,2026-09-18 12:47:14
Caesar Salad,DoorDash,1,2026-09-18 13:30:11
Caesar Salad,Uber Eats,2,2026-09-18 14:25:39
Flat White,Uber Eats,2,2026-09-18 14:33:18
Chicken Schnitzel Burger,Dine-in,1,2026-09-18 14:36:30
Banana Bread,Uber Eats,2,2026-09-18 14:56:34
Bacon & Egg Roll,Dine-in,1,2026-09-19 07:26:31
Flat White,Dine-in,2,2026-09-19 07:42:22
Banana Bread,Dine-in,1,2026-09-19 08:01:08
Avocado Toast,Uber Eats,1,2026-09-19 08:06:07
Flat White,Menulog,1,2026-09-19 08:13:52
Avocado Toast,Dine-in,2,2026-09-19 08:33:51
Banana Bread,Uber Eats,1,2026-09-19 08:38:29
Bacon & Egg Roll,Dine-in,1,2026-09-19 09:09:05
Chicken Schnitzel Burger,Uber Eats,3,2026-09-19 09:11:31
Avocado Toast,Uber Eats,1,2026-09-19 09:17:38
Bacon & Egg Roll,Dine-in,1,2026-09-19 09:18:28
Avocado Toast,DoorDash,2,2026-09-19 09:23:35
Caesar Salad,Menulog,1,2026-09-19 09:31:19
Banana Bread,Dine-in,1,2026-09-19 09:55:43
Bacon & Egg Roll,Dine-in,1,2026-09-19 10:22:55
Chicken Schnitzel Burger,Uber Eats,2,2026-09-19 10:23:26
Avocado Toast,Dine-in,2,2026-09-19 10:25:17
Chicken Schnitzel Burger,DoorDash,1,2026-09-19 10:55:16
Avocado Toast,Uber Eats,2,2026-09-19 11:01:49
Flat White,Dine-in,1,2026-09-19 11:09:55
Avocado Toast,Dine-in,1,2026-09-19 11:20:44
Chicken Schnitzel Burger,Dine-in,1,2026-09-19 11:40:34
Banana Bread,Dine-in,2,2026-09-19 11:48:58
Flat White,Dine-in,1,2026-09-19 11:49:47
Chicken Schnitzel Burger,DoorDash,1,2026-09-19 11:54:58
Caesar Salad,Dine-in,3,2026-09-19 12:05:13
Caesar Salad,Uber Eats,3,2026-09-19 12:14:51
Flat White,Dine-in,1,2026-09-19 12:31:57
Chicken Schnitzel Burger,Dine-in,1,2026-09-19 12:34:11
Caesar Salad,Dine-in,1,2026-09-19 12:48:54
Chicken Schnitzel Burger,Dine-in,3,2026-09-19 12:52:06
Avocado Toast,Dine-in,1,2026-09-19 12:55:16
Bacon & Egg Roll,Dine-in,1,2026-09-19 13:12:09
Chicken Schnitzel Burger,Menulog,1,2026-09-19 13:15:18
Flat White,Uber Eats,2,2026-09-19 13:22:18
Flat White,Dine-in,1,2026-09-19 13:23:47
Bacon & Egg Roll,DoorDash,1,2026-09-19 14:30:20
Banana Bread,Dine-in,1,2026-09-19 14:43:59
Flat White,Dine-in,1,2026-09-19 15:34:59
Chicken Schnitzel Burger,Uber Eats,1,2026-09-20 07:23:12
Avocado Toast,Uber Eats,1,2026-09-20 07:41:53
Avocado Toast,DoorDash,1,2026-09-20 07:53:08
Flat White,Dine-in,1,2026-09-20 07:54:23
Flat White,Dine-in,1,2026-09-20 08:11:34
Caesar Salad,DoorDash,2,2026-09-20 08:14:20
Chicken Schnitzel Burger,Uber Eats,1,2026-09-20 08:17:08
Avocado Toast,DoorDash,1,2026-09-20 08:24:43
Bacon & Egg Roll,Dine-in,1,2026-09-20 08:31:13
Chicken Schnitzel Burger,Dine-in,1,2026-09-20 08:47:41
Chicken Schnitzel Burger,Dine-in,1,2026-09-20 09:02:37
Flat White,Dine-in,1,2026-09-20 09:23:56
Banana Bread,DoorDash,1,2026-09-20 10:00:10
Chicken Schnitzel Burger,Uber Eats,1,2026-09-20 10:00:49
Avocado Toast,Dine-in,1,2026-09-20 10:05:15
Flat White,Dine-in,2,2026-09-20 10:06:49
Flat White,Dine-in,1,2026-09-20 10:15:33
Avocado Toast,Dine-in,1,2026-09-20 10:47:56
Chicken Schnitzel Burger,Dine-in,1,2026-09-20 11:15:36
Chicken Schnitzel Burger,Dine-in,1,2026-09-20 11:39:18
Avocado Toast,DoorDash,2,2026-09-20 11:47:02
Caesar Salad,Uber Eats,3,2026-09-20 11:50:02
Avocado Toast,Dine-in,1,2026-09-20 12:03:23
Banana Bread,DoorDash,1,2026-09-20 12:04:34
Caesar Salad,DoorDash,1,2026-09-20 12:12:20
Banana Bread,Dine-in,2,2026-09-20 12:18:41
Flat White,Dine-in,2,2026-09-20 12:34:52
Banana Bread,Dine-in,1,2026-09-20 12:47:59
Flat White,Dine-in,1,2026-09-20 12:56:06
Flat White,DoorDash,3,2026-09-20 12:59:56
Bacon & Egg Roll,Dine-in,1,2026-09-20 13:11:08
Flat White,Dine-in,2,2026-09-20 13:17:33
Bacon & Egg Roll,Dine-in,2,2026-09-20 13:28:46
Chicken Schnitzel Burger,DoorDash,1,2026-09-20 13:31:45
Flat White,Dine-in,2,2026-09-20 13:53:00
Chicken Schnitzel Burger,Uber Eats,3,2026-09-20 14:06:06
Flat White,Dine-in,3,2026-09-20 14:30:19
Chicken Schnitzel Burger,DoorDash,2,2026-09-20 14:35:10
Caesar Salad,Uber Eats,3,2026-09-20 15:40:03
Flat White,Dine-in,1,2026-09-21 07:13:47
Chicken Schnitzel Burger,Uber Eats,1,2026-09-21 07:36:47
Flat White,Dine-in,1,2026-09-21 07:37:57
Chicken Schnitzel Burger,DoorDash,3,2026-09-21 08:02:29
Bacon & Egg Roll,Dine-in,2,2026-09-21 08:03:15
Chicken Schnitzel Burger,DoorDash,1,2026-09-21 08:39:47
Chicken Schnitzel Burger,Uber Eats,1,2026-09-21 08:56:19
Flat White,Dine-in,1,2026-09-21 09:30:39
Banana Bread,Dine-in,1,2026-09-21 09:46:51
Flat White,Dine-in,1,2026-09-21 09:50:44
Caesar Salad,DoorDash,1,2026-09-21 09:52:51
Flat White,Dine-in,1,2026-09-21 10:12:20
Flat White,Dine-in,1,2026-09-21 10:43:59
Banana Bread,Uber Eats,1,2026-09-21 10:48:40
Bacon & Egg Roll,Dine-in,1,2026-09-21 11:13:24
Chicken Schnitzel Burger,Uber Eats,1,2026-09-21 11:14:09
Flat White,Dine-in,1,2026-09-21 11:14:16
Avocado Toast,Uber Eats,1,2026-09-21 12:08:48
Flat White,Dine-in,1,2026-09-21 12:22:56
Chicken Schnitzel Burger,Dine-in,1,2026-09-21 12:24:03
Chicken Schnitzel Burger,DoorDash,1,2026-09-21 12:32:05
Avocado Toast,Menulog,1,2026-09-21 12:44:52
Banana Bread,Dine-in,2,2026-09-21 13:00:21
Flat White,Dine-in,1,2026-09-21 13:12:43
Avocado Toast,Dine-in,2,2026-09-21 13:14:47
Bacon & Egg Roll,Dine-in,1,2026-09-21 13:44:44
Banana Bread,Dine-in,1,2026-09-21 14:28:25
Flat White,Dine-in,1,2026-09-21 14:46:04
Flat White,Dine-in,1,2026-09-21 15:28:59
Chicken Schnitzel Burger,Dine-in,1,2026-09-22 07:05:44
Flat White,Dine-in,1,2026-09-22 07:24:42
Caesar Salad,Menulog,2,2026-09-22 07:55:56
Flat White,Dine-in,1,2026-09-22 08:08:37
Chicken Schnitzel Burger,Uber Eats,1,2026-09-22 08:26:48
Banana Bread,Dine-in,3,2026-09-22 08:42:12
Bacon & Egg Roll,Uber Eats,2,2026-09-22 09:10:27
Flat White,Dine-in,1,2026-09-22 09:25:49
Avocado Toast,DoorDash,1,2026-09-22 09:26:26
Flat White,Dine-in,1,2026-09-22 09:40:19
Bacon & Egg Roll,Dine-in,2,2026-09-22 09:45:57
Caesar Salad,Menulog,1,2026-09-22 10:43:39
Bacon & Egg Roll,Dine-in,1,2026-09-22 11:17:14
Flat White,Dine-in,1,2026-09-22 11:21:31
Caesar Salad,Dine-in,1,2026-09-22 11:27:19
Chicken Schnitzel Burger,Menulog,1,2026-09-22 11:29:35
Bacon & Egg Roll,Dine-in,1,2026-09-22 11:40:03
Flat White,Dine-in,2,2026-09-22 11:41:23
Caesar Salad,Menulog,2,2026-09-22 11:41:28
Banana Bread,Dine-in,1,2026-09-22 11:46:07
Bacon & Egg Roll,DoorDash,1,2026-09-22 12:09:49
Flat White,Uber Eats,3,2026-09-22 12:38:36
Chicken Schnitzel Burger,DoorDash,1,2026-09-22 12:47:36
Chicken Schnitzel Burger,Menulog,2,2026-09-22 12:56:24
Chicken Schnitzel Burger,Dine-in,2,2026-09-22 13:33:06
Avocado Toast,DoorDash,1,2026-09-22 13:34:08
Flat White,Dine-in,1,2026-09-22 15:06:57
Flat White,Dine-in,3,2026-09-22 15:09:41
Bacon & Egg Roll,Dine-in,1,2026-09-22 15:33:34
Flat White,Dine-in,3,2026-09-22 15:55:39
Caesar Salad,Dine-in,3,2026-09-23 07:01:29
Chicken Schnitzel Burger,DoorDash,1,2026-09-23 07:38:00
Bacon & Egg Roll,Uber Eats,1,2026-09-23 07:56:31
Bacon & Egg Roll,Uber Eats,2,2026-09-23 08:09:11
Flat White,Dine-in,1,2026-09-23 08:39:48
Flat White,Menulog,1,2026-09-23 08:43:18
Flat White,Dine-in,2,2026-09-23 09:26:33
Chicken Schnitzel Burger,Dine-in,1,2026-09-23 11:02:49
Chicken Schnitzel Burger,DoorDash,1,2026-09-23 11:11:56
Caesar Salad,DoorDash,1,2026-09-23 12:05:07
Chicken Schnitzel Burger,Uber Eats,1,2026-09-23 12:07:43
Flat White,Dine-in,1,2026-09-23 12:20:23
Flat White,Dine-in,1,2026-09-23 12:28:18
Caesar Salad,Uber Eats,1,2026-09-23 12:44:18
Chicken Schnitzel Burger,Dine-in,1,2026-09-23 12:46:50
Flat White,DoorDash,2,2026-09-23 12:53:38
Caesar Salad,DoorDash,1,2026-09-23 13:03:11
Bacon & Egg Roll,Dine-in,2,2026-09-23 13:04:18
Bacon & Egg Roll,Uber Eats,2,2026-09-23 13:05:16
Caesar Salad,Dine-in,1,2026-09-23 13:11:29
Chicken Schnitzel Burger,Uber Eats,3,2026-09-23 13:12:21
Flat White,Dine-in,2,2026-09-23 13:26:26
Caesar Salad,Dine-in,3,2026-09-23 15:18:27
Flat White,Dine-in,1,2026-09-23 15:22:59
Avocado Toast,Uber Eats,1,2026-09-23 15:33:05
Avocado Toast,Uber Eats,1,2026-09-24 07:13:52
Avocado Toast,Dine-in,3,2026-09-24 08:02:29
Flat White,Uber Eats,1,2026-09-24 08:32:01
Flat White,Dine-in,1,2026-09-24 08:48:42
Bacon & Egg Roll,Dine-in,1,2026-09-24 08:53:01
Avocado Toast,Dine-in,3,2026-09-24 08:57:39
Bacon & Egg Roll,Dine-in,1,2026-09-24 09:02:43
Banana Bread,Dine-in,1,2026-09-24 09:30:46
Chicken Schnitzel Burger,Menulog,2,2026-09-24 09:33:19
Caesar Salad,DoorDash,1,2026-09-24 09:41:45
Avocado Toast,Uber Eats,2,2026-09-24 09:55:56
Bacon & Egg Roll,Uber Eats,1,2026-09-24 10:05:27
Chicken Schnitzel Burger,Uber Eats,1,2026-09-24 10:45:50
Banana Bread,Dine-in,1,2026-09-24 11:02:41
Avocado Toast,Uber Eats,3,2026-09-24 11:06:13
Chicken Schnitzel Burger,Dine-in,1,2026-09-24 11:21:51
Banana Bread,Dine-in,1,2026-09-24 11:36:46
Avocado Toast,DoorDash,1,2026-09-24 11:37:26
Avocado Toast,Uber Eats,1,2026-09-24 11:54:10
Flat White,Dine-in,1,2026-09-24 12:06:52
Chicken Schnitzel Burger,Uber Eats,1,2026-09-24 12:11:38
Chicken Schnitzel Burger,DoorDash,2,2026-09-24 12:17:26
Flat White,Dine-in,3,2026-09-24 12:36:08
Bacon & Egg Roll,Dine-in,1,2026-09-24 12:40:57
Chicken Schnitzel Burger,Uber Eats,1,2026-09-24 12:42:07
Caesar Salad,Dine-in,2,2026-09-24 12:44:44
Bacon & Egg Roll,Dine-in,1,2026-09-24 13:06:33
Chicken Schnitzel Burger,Uber Eats,2,2026-09-24 13:29:50
Flat White,Dine-in,1,2026-09-24 13:34:28
Chicken Schnitzel Burger,Dine-in,1,2026-09-24 14:51:18
Banana Bread,Dine-in,1,2026-09-25 07:29:32
Flat White,Dine-in,1,2026-09-25 07:32:25
Caesar Salad,Dine-in,1,2026-09-25 08:24:53
Flat White,Dine-in,1,2026-09-25 08:34:18
Chicken Schnitzel Burger,Dine-in,1,2026-09-25 09:40:47
Chicken Schnitzel Burger,Dine-in,1,2026-09-25 09:51:18
Avocado Toast,Dine-in,1,2026-09-25 10:02:36
Chicken Schnitzel Burger,DoorDash,1,2026-09-25 10:24:27
Caesar Salad,Uber Eats,2,2026-09-25 10:31:41
Flat White,Dine-in,1,2026-09-25 11:19:25
Flat White,Uber Eats,2,2026-09-25 11:27:08
Flat White,Dine-in,1,2026-09-25 11:28:24
Caesar Salad,Dine-in,1,2026-09-25 11:37:19
Chicken Schnitzel Burger,Dine-in,1,2026-09-25 12:11:42
Chicken Schnitzel Burger,Dine-in,2,2026-09-25 12:17:29
Chicken Schnitzel Burger,Dine-in,1,2026-09-25 12:20:19
Bacon & Egg Roll,Uber Eats,2,2026-09-25 12:36:16
Bacon & Egg Roll,Dine-in,1,2026-09-25 13:03:00
Bacon & Egg Roll,Dine-in,2,2026-09-25 13:07:37
Caesar Salad,Uber Eats,1,2026-09-25 13:15:45
Chicken Schnitzel Burger,DoorDash,1,2026-09-25 13:38:59
Bacon & Egg Roll,Dine-in,1,2026-09-25 13:55:01
Flat White,Dine-in,2,2026-09-25 13:57:48
Flat White,Dine-in,1,2026-09-25 14:05:09
Banana Bread,Dine-in,1,2026-09-25 14:27:45
Bacon & Egg Roll,Dine-in,1,2026-09-25 15:42:08
Banana Bread,Dine-in,1,2026-09-26 07:00:53
Chicken Schnitzel Burger,Uber Eats,2,2026-09-26 07:07:38
Chicken Schnitzel Burger,Uber Eats,1,2026-09-26 07:29:59
Bacon & Egg Roll,DoorDash,2,2026-09-26 08:04:04
Avocado Toast,DoorDash,3,2026-09-26 08:38:08
Flat White,Dine-in,1,2026-09-26 08:49:27
Caesar Salad,Dine-in,1,2026-09-26 08:55:27
Banana Bread,DoorDash,1,2026-09-26 09:24:57
Banana Bread,Dine-in,1,2026-09-26 09:44:21
Chicken Schnitzel Burger,Uber Eats,1,2026-09-26 09:46:18
Chicken Schnitzel Burger,DoorDash,1,2026-09-26 10:03:16
Chicken Schnitzel Burger,DoorDash,2,2026-09-26 10:12:08
Banana Bread,Uber Eats,1,2026-09-26 10:50:34
Caesar Salad,Uber Eats,1,2026-09-26 11:29:49
Flat White,Dine-in,1,2026-09-26 11:54:50
Flat White,Dine-in,1,2026-09-26 11:59:12
Caesar Salad,Menulog,1,2026-09-26 11:59:22
Flat White,Dine-in,1,2026-09-26 12:07:03
Flat White,Dine-in,1,2026-09-26 12:13:36
Flat White,Dine-in,2,2026-09-26 12:18:41
Avocado Toast,Uber Eats,3,2026-09-26 12:23:34
Flat White,Dine-in,1,2026-09-26 12:33:21
Chicken Schnitzel Burger,Uber Eats,2,2026-09-26 12:34:14
Chicken Schnitzel Burger,DoorDash,2,2026-09-26 12:41:54
Bacon & Egg Roll,Dine-in,1,2026-09-26 12:49:20
Caesar Salad,Uber Eats,1,2026-09-26 12:57:53
Avocado Toast,Dine-in,3,2026-09-26 13:01:02
Flat White,Dine-in,1,2026-09-26 13:09:41
Bacon & Egg Roll,Dine-in,1,2026-09-26 13:11:57
Avocado Toast,DoorDash,1,2026-09-26 13:16:50
Avocado Toast,Dine-in,2,2026-09-26 13:21:05
Bacon & Egg Roll,Dine-in,2,2026-09-26 13:34:14
Chicken Schnitzel Burger,Dine-in,2,2026-09-26 13:48:26
Chicken Schnitzel Burger,Dine-in,1,2026-09-26 14:31:30
Chicken Schnitzel Burger,Menulog,1,2026-09-26 14:43:02
Avocado Toast,Uber Eats,1,2026-09-26 15:51:47
Flat White,Dine-in,2,2026-09-27 07:00:11
Flat White,Dine-in,1,2026-09-27 07:02:02
Flat White,Dine-in,3,2026-09-27 08:02:37
Avocado Toast,Dine-in,1,2026-09-27 08:17:33
Bacon & Egg Roll,Uber Eats,1,2026-09-27 08:21:14
Chicken Schnitzel Burger,Dine-in,1,2026-09-27 08:21:51
Caesar Salad,Dine-in,1,2026-09-27 08:22:18
Chicken Schnitzel Burger,Uber Eats,2,2026-09-27 08:23:35
Flat White,Menulog,1,2026-09-27 08:29:54
Bacon & Egg Roll,Dine-in,1,2026-09-27 08:43:36
Banana Bread,Dine-in,1,2026-09-27 08:44:36
Chicken Schnitzel Burger,Menulog,1,2026-09-27 08:46:12
Flat White,DoorDash,1,2026-09-27 09:27:16
Caesar Salad,Dine-in,1,2026-09-27 09:44:51
Chicken Schnitzel Burger,Dine-in,2,2026-09-27 09:46:27
Bacon & Egg Roll,Dine-in,1,2026-09-27 10:25:30
Caesar Salad,Dine-in,1,2026-09-27 11:05:35
Chicken Schnitzel Burger,Dine-in,3,2026-09-27 11:08:55
Flat White,Dine-in,1,2026-09-27 11:56:27
Flat White,Dine-in,1,2026-09-27 11:57:59
Bacon & Egg Roll,Dine-in,1,2026-09-27 12:14:59
Flat White,Dine-in,1,2026-09-27 12:20:14
Avocado Toast,Dine-in,1,2026-09-27 12:33:29
Flat White,Dine-in,1,2026-09-27 12:38:11
Chicken Schnitzel Burger,Dine-in,2,2026-09-27 12:39:57
Chicken Schnitzel Burger,DoorDash,1,2026-09-27 12:42:13
Flat White,Dine-in,2,2026-09-27 12:45:40
Flat White,Dine-in,1,2026-09-27 12:55:12
Caesar Salad,DoorDash,1,2026-09-27 12:59:34
Bacon & Egg Roll,DoorDash,1,2026-09-27 13:07:31
Chicken Schnitzel Burger,Dine-in,1,2026-09-27 13:19:22
Bacon & Egg Roll,Menulog,1,2026-09-27 13:31:55
Chicken Schnitzel Burger,Uber Eats,1,2026-09-27 13:40:39
Chicken Schnitzel Burger,DoorDash,1,2026-09-27 13:46:28
Flat White,DoorDash,1,2026-09-27 13:52:50
Chicken Schnitzel Burger,DoorDash,1,2026-09-27 14:39:02
Chicken Schnitzel Burger,Dine-in,1,2026-09-27 15:06:39
Caesar Salad,Uber Eats,1,2026-09-27 15:30:31
Avocado Toast,Dine-in,1,2026-09-28 07:23:22
Flat White,Dine-in,1,2026-09-28 08:01:25
Caesar Salad,DoorDash,2,2026-09-28 08:05:34
Chicken Schnitzel Burger,Menulog,3,2026-09-28 08:17:07
Bacon & Egg Roll,Dine-in,3,2026-09-28 09:07:46
Chicken Schnitzel Burger,Menulog,1,2026-09-28 09:28:47
Flat White,Dine-in,1,2026-09-28 09:38:41
Caesar Salad,Dine-in,1,2026-09-28 09:41:50
Bacon & Egg Roll,Dine-in,1,2026-09-28 10:39:02
Banana Bread,Dine-in,1,2026-09-28 10:43:44
Caesar Salad,Dine-in,1,2026-09-28 11:13:50
Chicken Schnitzel Burger,DoorDash,1,2026-09-28 11:18:27
Avocado Toast,DoorDash,1,2026-09-28 11:18:49
Caesar Salad,DoorDash,2,2026-09-28 11:19:36
Avocado Toast,Dine-in,2,2026-09-28 11:34:43
Avocado Toast,Dine-in,2,2026-09-28 11:40:01
Flat White,Dine-in,1,2026-09-28 11:48:37
Chicken Schnitzel Burger,Uber Eats,1,2026-09-28 12:13:08
Chicken Schnitzel Burger,Menulog,1,2026-09-28 12:18:30
Caesar Salad,Dine-in,2,2026-09-28 12:20:22
Flat White,Dine-in,1,2026-09-28 12:42:20
Avocado Toast,DoorDash,1,2026-09-28 12:57:42
Flat White,Dine-in,1,2026-09-28 13:14:53
Banana Bread,Dine-in,1,2026-09-28 13:29:05
Chicken Schnitzel Burger,Dine-in,1,2026-09-28 14:32:58
Flat White,Dine-in,1,2026-09-28 14:39:59
Bacon & Egg Roll,Uber Eats,2,2026-09-28 14:59:20
Caesar Salad,Dine-in,3,2026-09-28 15:25:12
Flat White,Dine-in,1,2026-09-28 15:34:19
Flat White,Dine-in,1,2026-09-28 15:36:08
Banana Bread,Dine-in,2,2026-09-28 15:42:09
Chicken Schnitzel Burger,Dine-in,2,2026-09-29 08:03:09
Caesar Salad,Dine-in,1,2026-09-29 08:17:31
Bacon & Egg Roll,Dine-in,1,2026-09-29 08:19:30
Flat White,Dine-in,2,2026-09-29 08:19:40
Caesar Salad,Uber Eats,1,2026-09-29 08:29:45
Bacon & Egg Roll,Dine-in,1,2026-09-29 08:48:10
Avocado Toast,Dine-in,1,2026-09-29 09:19:28
Avocado Toast,Menulog,1,2026-09-29 09:26:40
Chicken Schnitzel Burger,DoorDash,1,2026-09-29 09:58:10
Flat White,Dine-in,1,2026-09-29 10:45:54
Flat White,Dine-in,2,2026-09-29 11:26:51
Bacon & Egg Roll,Dine-in,1,2026-09-29 11:31:35
Flat White,Dine-in,2,2026-09-29 11:36:27
Caesar Salad,Dine-in,1,2026-09-29 11:52:09
Flat White,Dine-in,1,2026-09-29 11:59:04
Chicken Schnitzel Burger,Dine-in,1,2026-09-29 12:07:23
Bacon & Egg Roll,Dine-in,2,2026-09-29 12:19:17
Banana Bread,Dine-in,1,2026-09-29 13:18:35
Avocado Toast,Dine-in,1,2026-09-29 13:26:11
Avocado Toast,Uber Eats,1,2026-09-29 13:39:44
Flat White,Dine-in,2,2026-09-29 13:46:57
Chicken Schnitzel Burger,Dine-in,1,2026-09-29 14:37:48
Flat White,Dine-in,1,2026-09-30 07:09:54
Chicken Schnitzel Burger,Dine-in,1,2026-09-30 07:52:37
Flat White,Dine-in,1,2026-09-30 08:04:42
Chicken Schnitzel Burger,Uber Eats,1,2026-09-30 08:07:48
Flat White,Dine-in,1,2026-09-30 08:08:01
Flat White,Uber Eats,1,2026-09-30 08:38:13
Avocado Toast,Dine-in,1,2026-09-30 08:43:06
Caesar Salad,Uber Eats,1,2026-09-30 08:44:09
Flat White,Dine-in,1,2026-09-30 08:48:23
Chicken Schnitzel Burger,Dine-in,1,2026-09-30 09:07:24
Flat White,Dine-in,1,2026-09-30 09:54:32
Caesar Salad,Uber Eats,1,2026-09-30 10:33:42
Banana Bread,DoorDash,3,2026-09-30 11:09:49
Flat White,Dine-in,1,2026-09-30 11:27:02
Chicken Schnitzel Burger,DoorDash,3,2026-09-30 11:35:26
Chicken Schnitzel Burger,Dine-in,1,2026-09-30 11:48:51
Caesar Salad,Uber Eats,1,2026-09-30 11:58:16
Flat White,Dine-in,1,2026-09-30 12:06:47
Caesar Salad,Uber Eats,2,2026-09-30 12:48:21
Avocado Toast,Menulog,1,2026-09-30 13:30:43
Chicken Schnitzel Burger,DoorDash,1,2026-09-30 13:41:25
Banana Bread,Dine-in,1,2026-09-30 13:46:31
Chicken Schnitzel Burger,Dine-in,2,2026-09-30 14:10:57
Avocado Toast,Uber Eats,2,2026-09-30 14:30:22
Flat White,Dine-in,2,2026-09-30 14:58:32
Banana Bread,Dine-in,1,2026-09-30 15:21:12
Avocado Toast,Uber Eats,1,2026-09-30 15:24:38
Flat White,Dine-in,1,2026-09-30 15:27:44
Banana Bread,Dine-in,2,2026-10-01 07:12:23
Chicken Schnitzel Burger,Menulog,3,2026-10-01 07:27:56
Flat White,Dine-in,1,2026-10-01 07:51:33
Flat White,Dine-in,1,2026-10-01 07:53:23
Avocado Toast,Dine-in,2,2026-10-01 08:01:40
Avocado Toast,Dine-in,1,2026-10-01 08:25:16
Bacon & Egg Roll,Dine-in,1,2026-10-01 08:52:47
Flat White,DoorDash,2,2026-10-01 09:06:27
Avocado Toast,Uber Eats,1,2026-10-01 09:15:07
Banana Bread,Dine-in,1,2026-10-01 09:21:10
Chicken Schnitzel Burger,Uber Eats,1,2026-10-01 09:41:19
Chicken Schnitzel Burger,DoorDash,3,2026-10-01 10:24:20
Avocado Toast,Dine-in,1,2026-10-01 10:29:02
Flat White,Dine-in,1,2026-10-01 11:16:34
Caesar Salad,Uber Eats,1,2026-10-01 11:27:27
Chicken Schnitzel Burger,Uber Eats,2,2026-10-01 11:57:26
Chicken Schnitzel Burger,Uber Eats,2,2026-10-01 12:05:45
Flat White,Dine-in,2,2026-10-01 12:19:32
Bacon & Egg Roll,Dine-in,1,2026-10-01 12:21:31
Avocado Toast,Dine-in,3,2026-10-01 12:22:49
Bacon & Egg Roll,Dine-in,1,2026-10-01 12:23:27
Bacon & Egg Roll,DoorDash,1,2026-10-01 12:31:27
Chicken Schnitzel Burger,DoorDash,1,2026-10-01 12:42:35
Bacon & Egg Roll,Dine-in,2,2026-10-01 12:54:26
Flat White,Dine-in,2,2026-10-01 12:54:27
Banana Bread,DoorDash,1,2026-10-01 13:13:18
Chicken Schnitzel Burger,Dine-in,1,2026-10-01 13:32:03
Flat White,Dine-in,1,2026-10-01 13:54:49
Flat White,Dine-in,1,2026-10-02 08:16:50
Flat White,Dine-in,2,2026-10-02 09:19:55
Avocado Toast,Dine-in,2,2026-10-02 09:27:13
Flat White,Dine-in,3,2026-10-02 09:27:30
Banana Bread,Uber Eats,1,2026-10-02 09:37:03
Chicken Schnitzel Burger,Uber Eats,1,2026-10-02 10:46:52
Chicken Schnitzel Burger,DoorDash,3,2026-10-02 10:51:43
Banana Bread,Dine-in,1,2026-10-02 10:58:52
Flat White,Dine-in,1,2026-10-02 12:41:41
Caesar Salad,Dine-in,3,2026-10-02 12:50:42
Flat White,Dine-in,1,2026-10-02 12:59:07
Flat White,Dine-in,1,2026-10-02 13:15:19
Flat White,Dine-in,1,2026-10-02 13:21:53
Bacon & Egg Roll,Menulog,1,2026-10-02 13:25:53
Flat White,Dine-in,2,2026-10-02 13:31:30
Caesar Salad,Dine-in,1,2026-10-02 13:46:31
Bacon & Egg Roll,Menulog,1,2026-10-02 13:49:41
Bacon & Egg Roll,Dine-in,3,2026-10-02 14:16:31
Banana Bread,Dine-in,2,2026-10-02 14:23:30
Bacon & Egg Roll,Menulog,1,2026-10-02 14:25:59
Bacon & Egg Roll,Dine-in,1,2026-10-02 14:38:02
Flat White,Dine-in,1,2026-10-03 07:08:31
Caesar Salad,Dine-in,2,2026-10-03 07:09:03
Caesar Salad,Uber Eats,1,2026-10-03 07:13:10
Flat White,Dine-in,1,2026-10-03 07:33:27
Banana Bread,DoorDash,2,2026-10-03 08:05:29
Avocado Toast,DoorDash,1,2026-10-03 08:18:11
Caesar Salad,Uber Eats,3,2026-10-03 08:19:31
Bacon & Egg Roll,DoorDash,2,2026-10-03 08:20:45
Flat White,Menulog,2,2026-10-03 08:58:04
Chicken Schnitzel Burger,Uber Eats,1,2026-10-03 09:05:26
Chicken Schnitzel Burger,Dine-in,2,2026-10-03 09:20:27
Flat White,Dine-in,1,2026-10-03 09:36:05
Bacon & Egg Roll,Dine-in,1,2026-10-03 09:39:24
Avocado Toast,Uber Eats,1,2026-10-03 09:43:07
Caesar Salad,Menulog,3,2026-10-03 09:46:46
Avocado Toast,DoorDash,1,2026-10-03 10:11:27
Bacon & Egg Roll,Dine-in,3,2026-10-03 10:13:45
Chicken Schnitzel Burger,Uber Eats,2,2026-10-03 10:57:59
Chicken Schnitzel Burger,Uber Eats,2,2026-10-03 11:01:01
Chicken Schnitzel Burger,Uber Eats,1,2026-10-03 11:03:21
Banana Bread,Dine-in,2,2026-10-03 11:14:45
Chicken Schnitzel Burger,Uber Eats,1,2026-10-03 11:24:30
Avocado Toast,Dine-in,3,2026-10-03 11:29:31
Chicken Schnitzel Burger,Uber Eats,3,2026-10-03 11:37:11
Bacon & Egg Roll,Dine-in,2,2026-10-03 11:42:37
Avocado Toast,Dine-in,3,2026-10-03 11:55:47
Flat White,Dine-in,1,2026-10-03 12:05:00
Caesar Salad,DoorDash,1,2026-10-03 12:05:25
Caesar Salad,Uber Eats,2,2026-10-03 12:08:54
Flat White,Menulog,1,2026-10-03 12:09:05
Flat White,Dine-in,3,2026-10-03 12:09:35
Caesar Salad,Menulog,1,2026-10-03 12:24:08
Avocado Toast,Dine-in,1,2026-10-03 12:42:51
Bacon & Egg Roll,Dine-in,3,2026-10-03 13:38:08
Flat White,Dine-in,1,2026-10-03 13:46:43
Bacon & Egg Roll,Dine-in,1,2026-10-03 13:51:41
Bacon & Egg Roll,Dine-in,2,2026-10-03 14:18:57
Caesar Salad,Dine-in,1,2026-10-03 14:29:12
Caesar Salad,Dine-in,1,2026-10-03 14:38:42
Caesar Salad,Uber Eats,1,2026-10-03 15:15:39
Flat White,Dine-in,1,2026-10-03 15:43:14
Bacon & Egg Roll,Dine-in,3,2026-10-04 07:25:31
Flat White,Dine-in,1,2026-10-04 07:32:01
Caesar Salad,Uber Eats,1,2026-10-04 08:01:13
Chicken Schnitzel Burger,Uber Eats,1,2026-10-04 08:14:31
Chicken Schnitzel Burger,DoorDash,1,2026-10-04 08:17:23
Caesar Salad,Uber Eats,3,2026-10-04 08:20:25
Avocado Toast,Dine-in,2,2026-10-04 08:23:21
Flat White,Dine-in,2,2026-10-04 08:27:01
Caesar Salad,DoorDash,2,2026-10-04 08:34:01
Avocado Toast,Uber Eats,1,2026-10-04 08:42:46
Bacon & Egg Roll,Dine-in,1,2026-10-04 09:03:35
Avocado Toast,Uber Eats,2,2026-10-04 09:08:43
Avocado Toast,Dine-in,1,2026-10-04 09:48:48
Avocado Toast,DoorDash,1,2026-10-04 10:05:26
Banana Bread,Uber Eats,1,2026-10-04 10:30:51
Bacon & Egg Roll,Uber Eats,1,2026-10-04 10:31:47
Bacon & Egg Roll,Dine-in,1,2026-10-04 10:58:26
Avocado Toast,Dine-in,1,2026-10-04 11:01:22
Caesar Salad,Menulog,1,2026-10-04 11:01:55
Flat White,Uber Eats,1,2026-10-04 11:17:57
Bacon & Egg Roll,Dine-in,1,2026-10-04 11:32:06
Caesar Salad,Dine-in,3,2026-10-04 11:41:33
Flat White,Dine-in,1,2026-10-04 11:42:28
Flat White,Dine-in,1,2026-10-04 11:50:26
Banana Bread,Dine-in,1,2026-10-04 12:01:28
Flat White,Dine-in,1,2026-10-04 12:05:42
Avocado Toast,Dine-in,1,2026-10-04 12:30:22
Chicken Schnitzel Burger,Dine-in,1,2026-10-04 12:39:23
Bacon & Egg Roll,Dine-in,1,2026-10-04 12:41:22
Avocado Toast,Uber Eats,1,2026-10-04 12:45:28
Avocado Toast,Uber Eats,1,2026-10-04 12:55:42
Avocado Toast,Dine-in,1,2026-10-04 12:58:38
Chicken Schnitzel Burger,DoorDash,1,2026-10-04 12:59:28
Banana Bread,Dine-in,1,2026-10-04 13:05:08
Flat White,Dine-in,3,2026-10-04 13:11:13
Chicken Schnitzel Burger,Uber Eats,1,2026-10-04 13:17:57
Flat White,Dine-in,1,2026-10-04 13:25:03
Caesar Salad,Dine-in,1,2026-10-04 13:46:45
Flat White,Dine-in,1,2026-10-04 13:54:50
Bacon & Egg Roll,Dine-in,3,2026-10-04 13:55:31
Flat White,Dine-in,1,2026-10-04 13:57:32
Flat White,Dine-in,1,2026-10-04 15:49:49
Banana Bread,Dine-in,2,2026-10-04 15:50:39
